Greek	Parthian	Middle Persian	Frequency in line	Line 
θεοῦ	baγ	bay	2	Line 1
θεῶν	až yazdān	az yazdān	2	Line 1
ἐκ γένους	čihr	čihr	2	Line 1
Ἀριανῶν	Ērān	Ērān	2	Line 1
βασιλέων	šāhān	šāhān	2	Line 1
εἰμί	ahēm	hēm	1	Line 1
δεσπότης	xwadāy	xwadāy	1	Line 1
τοῦ Ἀριανῶν ἔθνους	Ērānšahr	Ērānšahr	1	Line 1
βασιλέως—	šāh	šāh	1	Line 1
Παπάκου	Pābag	Pābag	1	Line 1
ἔγγονος	puhrēpuhr	nab	1	Line 1
βασιλέως	šāh	šāh	1	Line 1
Ἀρταξάρου	Ardašīr	Ardašīr	1	Line 1
μασδαασνου	mazdēzn	mazdēsn	1	Line 1
υἱὸς	puhr	pus	1	Line 1
Ἀναριανῶν	Anērān	Anērān	1	Line 1
καὶ	ud	ud	1	Line 1
βασιλεὺς	šāh	šāh	1	Line 1
Σαπώρης	Šābuhr	Šābuhr	1	Line 1
θεὸς	baγ	bay	1	Line 1
μασδαασνης	mazdēzn	mazdēsn	1	Line 1
ἐγὼ	Az	An	1	Line 1
καὶ	ud	ud	3	Line 2
— — —γηνήν	Balāsagān	Balāsagān	1	Line 2
ἔμπροσθεν	fraxš ō	frāz ō	1	Line 2
ἕως	yad	tā	1	Line 2
ὅλον	hamag	hamag	1	Line 2
πυλῶν	bar	dar	1	Line 2
Ἀλβανίαν	Ardān	Ar≺r≻ān	1	Line 2
ὄρους	kōf	kōf	1	Line 2
τὸ ὄρος	kōf	kōf	1	Line 2
Πρεσσουαρ	Parišxwār	Parišxwār	1	Line 2
Ἀλανῶν	Alānān	Alānān	1	Line 2
Καπ	Kaf	Kaf	1	Line 2
κατέχω	dārām	darēm	1	Line 2
ἔθνη	šahr	šahr	1	Line 2
Περσίδα	Pārs	Pārs	1	Line 2
Παρθίαν	Parθaw	Pahlaw	1	Line 2
Οὑζηνήν	Xūzestān	Xūzestān	1	Line 2
Μησανηνήν	Mēšān	Mēšān	1	Line 2
Ἀσσυρίαν	Asūrestān	Asūrestān	1	Line 2
Ἀδιαβηνήν	Nōdšīragān	Nōdšīragān	1	Line 2
Ἀραβίαν	Arbāyestān	Arbāyestān	1	Line 2
Μαχελονίαν	Sīgān	Sīgān	1	Line 2
Ἰβηρίαν	Wiržān	Wiruzān	1	Line 2
Ἀρμενίαν	Armin	Armin	1	Line 2
Ἀδουρβαδηνήν	Ādurbādegān	Ādurbāyagān	1	Line 2
καὶ	ud	ud	4	Line 3
τῆς θα≺λ≻άσσης	zrēh	i drayā	1	Line 3
τοῦ μέρους	ārag	ālag	1	Line 3
Μιζουν ἔθνος	Mazūnšahr	Mazūnšahr	1	Line 3
ἐκείνου	hō	ān	1	Line 3
ἐξ	až	az	1	Line 3
Τσατσηνῆς	Čāčestān	Čāčestān	1	Line 3
Σωδικηνῆς	Suγd	Sugd	1	Line 3
Κας	Kāš	Kāš	1	Line 3
ἕως	yad ō	tā ō	1	Line 3
Πασκιβουρων	Paškabūr	Paškabūr	1	Line 3
ἔμπροσθεν	fraxš ō	frāz ō	1	Line 3
ἕως	yad	tā	1	Line 3
Κουσηνῶν ἔθνη	Kušānšahr	Kušānšahr	1	Line 3
Ἰνδίαν	Hindestān	Hindestān	1	Line 3
Παραδηνήν	Pār≺a≻dān	Pār≺a≻dān	1	Line 3
Μακαραν	Mak≺u≻rān	Mak≺u≻rān	1	Line 3
Τουρηνήν	Tuγrān	Tūrān	1	Line 3
Σεγιστανήν	Sagestān	Sagestān	1	Line 3
Κερμανζηνήν	Kermān	Kirmān	1	Line 3
τὰ ἀνωτάτω ἔθνη	Abaršahr	Abaršahr	1	Line 3
πάντα	hamag	hamag	1	Line 3
Μαδηνήν	Māδ	Māh	1	Line 3
Γουργαν	Wurgān	Gurgān	1	Line 3
Ῥην	Harēw	Harēw	1	Line 3
Μαρου	Marγ	Marw	1	Line 3
ἐκαλέσαμεν	karām nām	kunēm nām	2	Line 4
Ὠρμισδαρταξιρ	Ohrmezd-Ardašīr	Ohrmezd-Ardašīr	1	Line 4
καὶ	ud	ud	1	Line 4
Πηρωσ-σαβουρ	Pērōz-Šābuhr	Pērōz-Šābuhr	1	Line 4
καὶ	ud	ud	1	Line 4
καὶ	ud	ud	2	Line 5
	ud	ud	1	Line 5
τὰ τοσαῦτα	āwand	and	1	Line 5
ἡμεῖν	amā		1	Line 5
πάντας	harw	harw	1	Line 5
ἐστήσαμεν	awestād ahēnd	nihād hēnd	1	Line 5
δουλείαν	bandagīf	bandagīh	1	Line 5
φόρους	bāž	bāz	1	Line 5
εἰς	pad	pad	1	Line 5
ἐθνῶν τοὺς δεσπότας τῶν	šahrδār	šahryār	1	Line 5
ἔθνη	šahr	šahr	1	Line 5
ταῦτα	im	ēn	1	Line 5
καὶ	ud	u-n	1	Line 5
καὶ	ud	ud	4	Line 6
ὅτε	kaδ	ka	1	Line 6
ἐξ ἐναντίας	paddēmān	handēmān	1	Line 6
γέγονενbūd	būd	būd	1	Line 6
πόλεμος	zambag	ardīg	1	Line 6
μέγας	wuzurg	wuzurg	1	Line 6
τῇ Μησιχίῃ	Mišīk	Mišīk	1	Line 6
ἐν	pad	pad	1	Line 6
τοὺς ὅρους	marz	marz	1	Line 6
Ἀσσυρίας	Asūrestān	Asūrestān	1	Line 6
εἰς	pad	pad	1	Line 6
ἐπῆλθεν	āγad	āmad	1	Line 6
ἡμᾶς	amā	amā	1	Line 6
τὸ τῶν Ἀριανῶν ἔθνος	Ērānšahr	Ērān šahr	1	Line 6
ἐπὶ	abar	abar	1	Line 6
τὴν Ἀσσυρίαν	Asūrestān	Asūrestān	1	Line 6
εἰς	ō	ō	1	Line 6
συνέλεξεν	hangāwišn kerd	hangāwisn kerd	1	Line 6
δύναμιν	zāwar	zōr	1	Line 6
ἐθνῶν	šahr	šahr	1	Line 6
Γερμανῶν	Garmāniyā	Garmān	1	Line 6
τε καὶ	ud	ud	1	Line 6
Γούθθων	Gōt	Gōt	1	Line 6
Ῥωμαίων ἀρχῆς	Frōm	Hrōm	1	Line 6
πάσης	hamag	hamag	1	Line 6
ἀπὸ	až	az	1	Line 6
Καῖσαρ	Kēsar	Kēsar	1	Line 6
Γορδιανὸς	Gōrdanyos	Gōrdanyos	1	Line 6
τὴν βασιλίαν ἔστημεν	awištād ahēm	ēstād hēm	1	Line 6
τῶν ἐθνῶν	šahr	šahr	1	Line 6
ἐπὶ	pad	pad	1	Line 6
πρώτως	naxwišt	naxust	1	Line 6
ἀνηλώσαμεν ἡμεῖς	wānād	wānīd	1	Line 7
ἀνηγόρευσαν	kerd	kerd	1	Line 7
Καίσαρα	kēsar	kēsar	1	Line 7
Φίλιππον	Filip≺p≻os	Filip≺p≻os	1	Line 7
οἱ Ῥωμαῖοι	Frōmāyīn	Hrōmāyīn	1	Line 7
καὶ	ud	ud	1	Line 7
τὴν στρατείαν	zāwar	zōr	1	Line 7
Ῥωμαίων τῶν	Frōmāyīn	Hrōmāyīn	1	Line 7
ἐπανήρη	ōžad	ōzad	1	Line 7
Καῖσαρ	Kēsar	Kēsar	1	Line 7
Γορδιανὸς	Gōrdanyos	Gōrdanyos	1	Line 7
καὶ	ud	ud	2	Line 8
ψυχῶν αὐτῶν ἀντίτειμα τῶν	gyān goxn	xōn gyān	1	Line 8
ἐπωνομάσαμεν	nām awestād	nām nihād	1	Line 8
Πηρωσ-σαβουρ	Pērōz-Šābuhr	Pērōz-Šābuhr	1	Line 8
τοῦτο	ēd kerd	ēd kerd	1	Line 8
διὰ	až	az	1	Line 8
Μισιχην	Mišīk	Mišīk	1	Line 8
ἡμεῖς	amā	amā	1	Line 8
ἔστη	awestād	estād	1	Line 8
φόρους	bāž	bāz	1	Line 8
εἰς	pad	pad	1	Line 8
ἡμεῖν	ō amā	ō amā	1	Line 8
ἔδοτο	dād	dād	1	Line 8
δηναρίων	dēnār	denār	1	Line 8
πεντακοσίαν χειλιάδα	500 hazār	500 hazār	1	Line 8
ἦλθεν	āγad	āmad	1	Line 8
εἰς	ō	ō	1	Line 8
παράκλησιν	nemastīg	lābag	1	Line 8
ὁ Καῖσαρ	Kēsar	Kēsar	1	Line 8
καὶ	ud	ud	1	Line 8
Φίλιππος	Filip≺p≻os	Filip≺p≻os	1	Line 8
καὶ	ud	ud	2	Line 9
ἀνίλαμεν	ōžad	ōzad	1	Line 9
ἐν	pad	pad	1	Line 9
Βαρβαρισσῷ	Bēbāliš	*Bēbāliš	1	Line 9
ἑξήκοντα χειλιάδας	60000	60000	1	Line 9
δύναμιν	zāwar	zōr	1	Line 9
Ῥωμαίων	Frōmāyīn	Hrōmāyin	1	Line 9
ὡρμήσαμεν	wihišt ahēm	wihist hēm	1	Line 9
τῶν Ῥωμαίων	Frōmāyīn	Hrōmāyin	1	Line 9
τὸ ἔθνος	šahr	šahr	1	Line 9
ἐπὶ	abar	abar	1	Line 9
ἡμεῖς	amā	amā	1	Line 9
ἐποίησεν	kerd	kerd	1	Line 9
ἀδικίαν	winās	wināh	1	Line 9
τὴν Ἀρμενίαν	Armin	Armin	1	Line 9
εἰς	ō	ō	1	Line 9
ἐψεύσατο	druxt	druxt	1	Line 9
πάλιν	bid	did	1	Line 9
ὁ Καῖσαρ	Kēsar	Kēsar	1	Line 9
καὶ	ud	ud	1	Line 9
καὶ	ud	u-n	2	Line 10
ἔθνη ἐπ’ αὐτὴν	abar Asūriyā šahr	abar Asūriyā šahr	1	Line 10
ὅσα	čē	čē	1	Line 10
	ud	ud	1	Line 10
	wardyāz	wardyāz	1	Line 10
καὶ		ud	1	Line 10
ἠρημώσαμεν	awērān kerd	awērān kerd	1	Line 10
ἐκρατήσαμεν	grift	grift	1	Line 10
ἐν	pad	pad	1	Line 10
μιᾷ	ē≺w≻	ēw	1	Line 10
τῇ ἀγωγῇ	yāwar	jār	1	Line 10
ἐκείνῃ	hō	ān	1	Line 10
τε καὶ	ud	ud	1	Line 10
πόλεις	šahrestān	šahrestān	1	Line 10
καστέλλους	diz	diz	1	Line 10
ἀπὸ	až	az	1	Line 10
τοῦ ἔθνους	šahr	šahr	1	Line 10
Ῥωμαίων	Frōmāyīn	Hrōmāyin	1	Line 10
ἐκαύσαμεν	ādurwaxt	ādursōxt	1	Line 10
πάντα	hamag	hamag	1	Line 10
περίχωροι	parβēr	parwār	1	Line 10
ἦσαν	būd	būd	1	Line 10
καὶ	ud	ud	1	Line 10
τὸ ἔθνος	šahr	šahr	1	Line 10
Συρίας	Asūriyā	Asūriyā	1	Line 10
σὺν	aδ	az	5	Line 11
τῇ περιχώρῳ	parβēr hamgōs	parwār hammis	4	Line 11
πόλιν	šahrestān	šahrestān	4	Line 11
	hamgōs	hammis	1	Line 11
	parβēr	parwār	1	Line 11
	aδ	az	1	Line 11
	Aspōragān	Aspōragān	1	Line 11
	Bīrt	Bīrt	1	Line 11
Ἱεράπολιν	Manbūg	Manbūg	1	Line 11
Βαρβαλισσὸν	Bēbāliš	*Bebālis	1	Line 11
Σοῦραν	Sūrā	Sūrā	1	Line 11
τῇ περιχώρῳ	hamgōs parβēr	parwār hammis	1	Line 11
Βίρθαν Ἀσπωράκου	Bīrt-Arūbān	Bīrt *Arūbān	1	Line 11
Ἀναθαν	Ānā̆t	Ānāt	1	Line 11
τῇ περιχώρῳ	parβēr hamgōs	parwār hammis	6	Line 12
σὺν	aδ	az	6	Line 12
πόλιν	šahrestān	šahrestān	6	Line 12
Οὐριμα	Urnā	Umā	1	Line 12
Ζεῦγμα	Zōmā	Zōmā	1	Line 12
Ῥεφανέαν	Refaniyos	*Refaniyos	1	Line 12
Ἀπαμίαν	Apōmiyā	*Apōmiyā	1	Line 12
Χαλκίδα	Kinašrā	*Kinasrā	1	Line 12
Βέρροιαν	Halab	Halab	1	Line 12
τῇ περιχώρῳ	parβēr hamgōs	parwār hammis	5	Line 13
σὺν	aδ	az	5	Line 13
πόλιν	šahrestān	šahrestān	5	Line 13
Κύρρον	Kir≺r≻os	Kir≺r≻os	1	Line 13
Ἀντιόχιαν	Andiyō̆k	Andiyōk	1	Line 13
Σελεύκιαν	Selūkiyā	Selūkiyā	1	Line 13
Λαρμέναζα	Armenāž	Armenāz	1	Line 13
Γίνδαρον	Gindaros	Gindaros	1	Line 13
τῇ περιχώρῳ	parβēr hamgōs	parwār hammis	5	Line 14
σὺν	aδ	az	5	Line 14
πόλιν	šahrestān	šahrestān	5	Line 14
ἄλλην	any	any	1	Line 14
Χαμαθ	Hamāt	Hamāt	1	Line 14
Σίνζαρα	Sīzar	Sinzar	1	Line 14
Νεικόπολιν	Nīkopolos	*Nīkopolos	1	Line 14
Ἀλεξάνδριαν	Alexsandariyā	Alexsandariyā	1	Line 14
Σελεύκιαν	Selūkiyā	Selūkiyā	1	Line 14
πόλιν	šahrestān	šahrestān	6	Line 15
τῇ περιχώρῳ	parβēr hamgōs	parwār hammis	5	Line 15
σὺν	aδ	az	5	Line 15
τῇ περιχώρω	parβēr hamgōs	parwār hammis	1	Line 15
σύν	aδ	az	1	Line 15
Γερμανείκιαν	Garmaniyos	Garmanos	1	Line 15
Κορκουσίωνα	Kirkisiyā	Kirkīsiyā	1	Line 15
Δοῦραν	Dūrā	Dūrā	1	Line 15
Διχωρ	Dīkōr	Dīkōr	1	Line 15
Δολίχην	Dōlōx	Dōlīx	1	Line 15
Ἀριστίαν	Aristōn	Aristōn	1	Line 15
σὺν	aδ	az	4	Line 16
πόλιν	šahrestān	šahrestān	4	Line 16
τῇ περιχώρῳ	parβēr hamgōs	parwār hammis	3	Line 16
Δόμαν	Domān	Domān	1	Line 16
Σάταλα	Sātal	Sātal	1	Line 16
Καππαδοκίας	pad Kap≺p≻ōdakiyā	pad Kap≺p≻ōdakiyā	1	Line 16
Χαναρ	Xā̆nar	Xānar	1	Line 16
τῇ περιχώρῳ	parβēr hamgōs	parwar hammis	1	Line 16
Βάτναν	Batnān	Batnān	1	Line 16
σὺν	aδ	az	5	Line 17
τῇ περιχώρῳ	parβēr hamgōs	parwār hammis	4	Line 17
πόλιν	šahrestān	šahrestān	4	Line 17
τριάκοντα ἑπτὰ	37	37	1	Line 17
πόλεις	šahrestān	šahrestān	1	Line 17
ταῖς περιχώροις	parβēr hamgōs	parwār hammis	1	Line 17
ὁμοῦ	hamsāg	āmār	1	Line 17
Φρέατα	Frāt	Frāt	1	Line 17
Σουιδ	Šūd	Šūd	1	Line 17
Σουισαν	Sūš	Sūš	1	Line 17
Ἀρτανγιλλα	Artangiliyā	*Artangiliyā	1	Line 17
καὶ	ud	ud	2	Line 18
Κάρρας	Harrān	Harrān	2	Line 18
ἡμᾶς	amā	amā	1	Line 18
ἦλθεν	āγad	āmad	1	Line 18
ἐφ’	abar	abar	1	Line 18
Καῖσαρ	Kēsar	Kēsar	1	Line 18
Οὐαλεριανος	Wālaraniyos	Waliyāranos	1	Line 18
ἐπολιορκοῦμεν	parrūδīd	- - - -	1	Line 18
Ἔδεσσα≺ν≻	Urhā	Urhā	1	Line 18
ὡρμήσαμεν	ahēm wihišt	wihist hēm	1	Line 18
ἐπὶ	abar	abar	1	Line 18
τε καὶ	ud	ud	1	Line 18
Ἔδεσσαν	Urhā	Urhā	1	Line 18
ἡμεῖς	amā	amā	1	Line 18
ὁπότε	kaδ	ka	1	Line 18
τῇ τρίτῃ	Hridīg	sidīgar	1	Line 18
δε		ud	1	Line 18
ἀγωγῇ	yāwar	jār	1	Line 18
ἀπὸ	až	az	9	Line 19
ἔθνους	šahr	šahr	8	Line 19
αὐτοῦ		ōy	1	Line 19
μετ’	aδ	abāg	1	Line 19
καὶ	ud	u-š	1	Line 19
ἦσαν	būd	būd	1	Line 19
ἔθνο≺υ≻ς	šahr	šahr	1	Line 19
Λυσιτανίας	Afrikiyā	Afrikē	1	Line 19
Ἁμαστρίας	Astriyā≺-≻	*Astriyā	1	Line 19
Ἱσπανίας	Ispaniyā	Ispāniyā	1	Line 19
Μυσίας	Mōsiyā	Mōsiyā	1	Line 19
Παννονίας	Pannaniyā	Pannaniyā	1	Line 19
Ῥετίας	Rēšiyā	Rēšiyā	1	Line 19
Δακείας	Dākiyā	Dākiyā	1	Line 19
Νωρικοῦ	Nīrakos	*Nōrikos	1	Line 19
Γερμανῶν	Garmāniyā	Garmāniyā	1	Line 19
ἔθνους	šahr	šahr	12	Line 20
ἀπὸ	až	az	11	Line 20
ἀπο	až	az	1	Line 20
Συρίας	Sūriyā	Sūriyā	1	Line 20
Φρυγίας	Frūgāyā	Frūgē	1	Line 20
Καππαδοκίας	Kap≺p≻ōdakiyā	Kap≺p≻ōdakiyā	1	Line 20
Κιλικίας	Kīlikiyā	Kīlikiyā	1	Line 20
Λυκίας	Lūkiyā	Lūkiyā	1	Line 20
Γαλατίας	Galātīniyā	Galātiyā	1	Line 20
Λυκαονίας	Likōniyā	Likōniyā	1	Line 20
Συρίας	Isawriyā	Isawriyā	1	Line 20
Καμπανίας	Pamfilāyā	*Pamfiliyā	1	Line 20
Ἀσίας	Āsāyā	Āsiyā	1	Line 20
Βιθυνίας	Bitūniyā	*Bitūniyā	1	Line 20
Θρᾳκίας	Trākiyā	Trākiyā	1	Line 20
ἀπὸ	až	az	8	Line 21
ἔθνους	šahr	šahr	8	Line 21
Ἀσίας	—-≺-≻	- - - -	1	Line 21
δύναμις	zāwar	zōr	1	Line 21
ἑβδομήκοντα χειλιάδων	70 hazār	70 hazār	1	Line 21
Μεσοποταμίας	Maδyānrōdān	Mayānrōdān	1	Line 21
Λυδίας	Rōdōs	Rōdōs	1	Line 21
Γερμανίας	Garmāniyā	Garmāniyā	1	Line 21
Μαυριτανίας	Mōrān	Mōrān	1	Line 21
Ἀραβίας	Arabiyā	Arabiyā	1	Line 21
Ἰουδαίας	Yūdāyā	Yahūdiyā	1	Line 21
Φοινείκης	Fonikāyā	Fōnikiyā	1	Line 21
καὶ	ud	ud	4	Line 22
συνκλητικοὺς	sānatōr	*sanātōr	1	Line 22
τόν ἔπαρχον	rabēsēf	*rabēsēf	1	Line 22
αὐτοὺς ἐξηγάγομεν	wāst ahēnd	ānīd hēnd	1	Line 22
εἰς	bē ō	bē ō	1	Line 22
ἐν χερσὶν ἐκρατήσαμεν	dastgraβ kerd	dastgraw kerd	1	Line 22
πάντας	harw	harw	1	Line 22
ἦσαν	būd	būd	1	Line 22
ἄρχοντες	sārār	sālār	1	Line 22
δυνάμεως	zāwar	zōr	1	Line 22
ἐκείνης	hō	ān	1	Line 22
οἵτινες	kē	kē	1	Line 22
ἡγεμόνας	hēgemōn	hēgemōn	1	Line 22
τοὺς λοιποὺς	ōyādag	abārīg	1	Line 22
ἐκρατήσαμεν	dastgraβ kerd	dastgraw kerd	1	Line 22
χερσὶν	dast	dast	1	Line 22
ἰδίαις	wxēbeh	xwēbaš	1	Line 22
ἐν	pad	pad	1	Line 22
ἡμεῖς	wxad	xwad	1	Line 22
Καίσαρα	Kēsar	Kēsar	1	Line 22
Οὐαλεριανὸν	Wālaraniyos	Waliyāranos	1	Line 22
καὶ	ud	u-n	1	Line 22
γέγονεν	būd	būd	1	Line 22
μέγας	wuzurg		1	Line 22
πόλεμος	raf	ardīg	1	Line 22
Καίσαρος	Kēsar	Kēsar	1	Line 22
Οὐαλεριανοῦ	Wālaraniyos	Waliyāranos	1	Line 22
μετὰ	aδ	abāg	1	Line 22
Ἐδέσσων	Urhā	Urhā	1	Line 22
τοῦ μέρους	ārag	ālag ī	1	Line 22
ἐκεῖθεν	hō	ān	1	Line 22
Καρρῶν	Harrān	Harrān	1	Line 22
ἐκ	až	az	1	Line 22
καὶ	ud	ud	1	Line 22
τὴν Περσίδα	Pārs	Pārs	1	Line 22
τὸ ἔθνος	šahr	šahr	3	Line 23
καὶ		ud	2	Line 23
καὶ	ud	ud	2	Line 23
ἠρημώσαμεν	awērān	awērān	1	Line 23
ἐκρατήσαμεν	wardyāz kerd	wardyāz kerd	1	Line 23
πυρὶ ἐκαύσαμεν	ādurwaxt	ādursōxt	1	Line 23
Καππαδοκίας	Kap≺p≻ōdakiyā	Kap≺p≻ōdakiyā	1	Line 23
Κιλικίας τῆς	Kīlikiyā	Kīlikiyā	1	Line 23
Συρίας	Sūriyā	Sūriyā	1	Line 23
καὶ	ud	ud	1	Line 23
τῇ περιχώρῳ	parβēr hamgōs	parwār hammis	5	Line 24
σὺν	aδ	az	5	Line 24
πόλιν	šahrestān	šahrestān	5	Line 24
Μομψουεστίαν	Māmāstiyā	*Māmasastiyā	1	Line 24
Aἰγέαν	Āygā	Aygiyā	1	Line 24
τὴν κατ’ Ἰσὸν	Katis≺s≻os	Katis≺s≻os	1	Line 24
Ἀλεξάνδριαν	Alexsandariyā	Alexsandariyā	1	Line 24
Κατάβολον	Katabalā	*Katabalā	1	Line 24
Σαμόσατα	Šamšāt	Šamīšāt	1	Line 24
ἐκείνῃ	hō	pad ān	1	Line 24
δὲ	ud	u-n	1	Line 24
ἐκρατήσαμεν	grift	grift	1	Line 24
ἀπὸ	až	az	1	Line 24
τοῦ ἔθνους	šahr	šahr	1	Line 24
Ῥωμαίων	Frōmāyīn	Hrōmāyīn	1	Line 24
τῇ ἀγωγῇ	yāwar	jār	1	Line 24
σὺν	aδ	az	6	Line 25
τῇ περιχώρῳ	parβēr hamgōs	parwār hammis	6	Line 25
πόλιν	šahrestān	šahrestān	6	Line 25
Κώρυκον	Kōrikos	Kōrikos	1	Line 25
Σηβαστὴν	Sebastiyā	Sebastiyā	1	Line 25
Ζεφύριν	Zefīrōn	Zefīrōn	1	Line 25
Ταρσὸν	Tarsos	Tarsos	1	Line 25
Ἄδανα	Adāniyā	Adāniyā	1	Line 25
Μαλλὸν	Māl≺l≻os	Māl≺l≻os	1	Line 25
τῇ περιχώρῳ	parβēr hamgōs	parwār hammis	5	Line 26
σὺν	aδ	az	5	Line 26
πόλιν	šahrestān	šahrestān	4	Line 26
πόλιν	šahrestān	šahrestān	1	Line 26
Νεικόπολιν	Nīkopolos	*Nīkopolos	1	Line 26
Φλαυιάδα	Flāwiyās	Flāwiyās	1	Line 26
Νερωνιάδα	Nerōniyās	Nerōniyās	1	Line 26
Καστάβαλα	Kastābalā	Kastābalāy	1	Line 26
Ἀγρίππαν	Anazarbos	Anazarbos	1	Line 26
τῇ περιχώρῳ	parβēr hamgōs	parwār hammis	7	Line 27
σὺν	aδ	az	7	Line 27
πόλιν	šahrestān	šahrestān	7	Line 27
Σελεύκιαν	Sardiyāb	Selūkiyā	1	Line 27
Ἀντιόχιαν	Andiyō̆kiyā	Andiyōk	1	Line 27
Μυῶν	Mīyanpolos	Miyanpolos	1	Line 27
Σελινοῦν	Selīnūs	Selīnūs	1	Line 27
Ἀνεμοῦριν	Anīmūrīn	Anīmūrīn	1	Line 27
Κελένδεριν	Kīlindiros	Kīlindiros	1	Line 27
Ἐπιφάνιαν	Ēpīfaniyā	Ēpīfaniyā	1	Line 27
πόλιν	šahrestān	šahrestān	5	Line 28
σὺν	aδ	az	5	Line 28
τῇ περιχώρῳ	parβēr hamgōs	parwār hammis	5	Line 28
Τύανα	Tūyanā	Tīyanā	1	Line 28
Μηιακαριρη	Kēsariyā	Kēsariyā	1	Line 28
Κύβιστρα	Kūbistariyā	Kūbistariyā	1	Line 28
Κόμανα	Kōmānāyā	Kōmānāy	1	Line 28
Δομετίου	Mōstinopolos	*Mōstinopolos	1	Line 28
σὺν	aδ	az	6	Line 29
πόλιν	šahrestān	šahrestān	5	Line 29
τῇ περιχώρῳ	parβēr hamgōs	parwār hammis	5	Line 29
Βίρθαν	Bīrt	Bīrt	1	Line 29
Ῥακουνδιαν	Rākūndiyā	Rākūndiyā	1	Line 29
Λάρανδα	Lārandiyā	Lārandiyā	1	Line 29
πάσας	hamsāg	āmār	1	Line 29
ταῖς περιχώροις	parβēr hamgōs	parwār hammis	1	Line 29
τὰς πόλεις	šahrestān	šahrestān	1	Line 29
Ἰκόνιν	Īkōniyā	Īkōniyā	1	Line 29
λϛʹ	36	36	1	Line 29
Σηβάστιαν	Sebastiyā	Sebastiyā	1	Line 29
καὶ	ud	ud	3	Line 30
ἐν	pad	pad	2	Line 30
ἀπὸ	až	az	2	Line 30
τοῦ ἔθνους	šahr	šahr	1	Line 30
τε καὶ	ud	ud	1	Line 30
ἡμῶν	amā	amā	1	Line 30
ὅπου	kū	kū	1	Line 30
ἐν	pad	andar	1	Line 30
ἠγάγαμεν	wāst	ānīd	1	Line 30
ἁρπαγῇ	āwār	*āyār	1	Line 30
Ἀναριανων τῶν	Anērān	Anērān	1	Line 30
Ῥωμαίων	Frōmāyīn	Hrōmāyīn	1	Line 30
τοὺς	čē	čē	1	Line 30
ἀνθρώπους	mardōhmag	mardōhm	1	Line 30
καὶ	ud	u-n	1	Line 30
αὐτοὺς ἀπεκαθίσαμεν	nišāst	nišāst	1	Line 30
ἐκεὶ	ōδ	ānōh	1	Line 30
ἦν	būd	būd	1	Line 30
κτίσματα	dastgerd	dastgerd	1	Line 30
προγόνων	hasēnagān	ahēnagān	1	Line 30
πάππων	niyāgān	niyāgān	1	Line 30
τοῦ πατρὸς	pidar	pidar	1	Line 30
ἐν τοῖς ἔθνεσιν	šahr ō šahr	šahr ō šahr	1	Line 30
ἑτέροις	any	any	1	Line 30
τῇ Ἀσσυρίᾳ	Asūrestān	Asūrestān	1	Line 30
Οὐζηνῇ	Xūzestān	Xūzestān	1	Line 30
Παρθίᾳ	Parθaw	Pahlaw	1	Line 30
Περσίδει	Pārs	Pārs	1	Line 30
τῷ Ἀριανῶν	Ērānšahr	Ērānšahr	1	Line 30
καὶ	ud	ud	3	Line 31
ὅστις	kē	kē	1	Line 31
ἵνα	kū	kū	1	Line 31
ἃ	čē	čē	1	Line 31
διὰ	až kerd	az kerd	1	Line 31
τὴν ἡμετέραν	amā	amā	1	Line 31
τὴν δεσποτείαν	xwadāyīf	xwadāyīh	1	Line 31
καὶ		ud	1	Line 31
τὴν ἀνδρείαν	nēwīf	nēwīh	1	Line 31
τὸ ὄνομα	nām	nām	1	Line 31
τοῦτο	im	ēn	1	Line 31
ἔσται	bawād	bawād	1	Line 31
ἡμᾶς	až-an		1	Line 31
μεθ’	paš	pas	1	Line 31
ἕτερα	anī-ž	anī-z	1	Line 31
ἡμεῖς	amā		1	Line 31
τὰ τοσαῦτα	ēd āwand	ēn and	1	Line 31
τοῦτο	ēd	ēd	1	Line 31
γραφῆναι	nibištan	nibištan	1	Line 31
ἐκελεύσαμεν	ubdišt	framād	1	Line 31
πλὴν	bēž	bē	1	Line 31
ἐνεγράψαμεν	nibišt	nibišt	1	Line 31
οὐκ	nē	nē	1	Line 31
ἐνθάδε	ēd	ēdar	1	Line 31
ἐπεποιήσαμεν	kerd	kerd	1	Line 31
ἀνδρειότητα	nēwīf	nēwīh	1	Line 31
πολλὰ	was	was	1	Line 31
ὄνομα	nām	nām	1	Line 31
πολὺ	was	was	1	Line 31
ἐζητήσαμεν	wxāšt	xwāst	1	Line 31
ἔθνη	šahr	šahr	1	Line 31
καὶ	ud	u-n	1	Line 31
ἐπιγνώσεται	zānāh	dānād	1	Line 31
καὶ	ud	ud	3	Line 32
διὰ τοῦτο	ōh	ōh	1	Line 32
κατὰ ἔθνος καὶ ἔθνος	šahr ō šahr	šahr ō šahr	1	Line 32
οὕτως	ēd gōnag až	az ēn gōnag	1	Line 32
οὖν	ud	ud	1	Line 32
κατ’ ἐκεῖνο	ēd-rāδ	ēd rōy	1	Line 32
	windārišn kerd	winnārišn kerd	1	Line 32
	yazdān	yazdān	1	Line 32
	wuzurg	wuzurg	1	Line 32
	ud	ud	1	Line 32
ἐποιήσαμεν	kerd	kerd	1	Line 32
τὰ ἀγαθὰ	kirbagīf	kirbagīh	1	Line 32
ἀνθρώποις μάγοις	moγmard	mōwmard	1	Line 32
πολλοῖς	was	was	1	Line 32
ἱδρύσαμεν	nišāst	nišāst	1	Line 32
Γουαραθραν	Warhrān	Warhrān	1	Line 32
πυρεῖα	ādur	ādur	1	Line 32
πολλὰ	was	was	1	Line 32
ἡμεῖς	amā-ž	amā-z	1	Line 32
κατέχομεν	dārām	dārēm	1	Line 32
ἐζητήσαμεν	wxāzām	xwāhēm	1	Line 32
ἔθνη	šahr	šahr	1	Line 32
τὰ τοσαῦτα	āwand	and	1	Line 32
ταῦτα	im	ēd	1	Line 32
τῶν θεῶν	yazdān	yazdān	1	Line 32
τὴν βοήθιαν	pušt	pušt	1	Line 32
εἰς	pad	pad	1	Line 32
ἔκτισαν	karēnd	kunēnd	1	Line 32
δαστικερτας	dastgerd	dastgerd	1	Line 32
ἡμᾶς	amā	amā	1	Line 32
οἱ θεοὶ	yazad	yazad	1	Line 32
ὅτι	kū	kū	1	Line 32
ὀνόματος συντήρησιν	pāšnām	pannām	3	Line 33
καὶ	ud	ud	3	Line 33
μνείαν	arwān	ruwān	3	Line 33
εἰς	pad	pad	3	Line 33
καλούμενον	nām	nām	3	Line 33
ἓν	ēw	1	3	Line 33
ἡμῶν	amā	ī amā	2	Line 33
πυρεῖον	ādur	ādur	2	Line 33
εἰς τοῦτο	ēd-iž pad	ēdar-iz pad	1	Line 33
υἱοῦ	puhr	pusar	1	Line 33
Ἀρμενίας	Arminīn	Arminān	1	Line 33
μεγάλου	wuzurg	wuzurg	1	Line 33
τοῦ βασιλέως	šāh	šāh	1	Line 33
θυγατρὸς	duxt	duxt	1	Line 33
τῶν βασιλίσσων	bāmbišnan	bāmbišnān	1	Line 33
βασιλίσσης	bāmbišn	bāmbišn	1	Line 33
τὴν Ἀδουρ-αναιδ	Ādur-Anāhīd	Ādur-Anāhīd	1	Line 33
ἡμετέραν	amā	amā	1	Line 33
Χοστρω-σαβουρ	Husraw-Šābuhr	Husraw-Šābuhr	1	Line 33
πυρεῖον	ādur	ādur	1	Line 33
καθιδρύσαμεν	nišāyām	nišāyēm	1	Line 33
τὸ νιβυστ	nibušt	nibišt	1	Line 33
καὶ	ud	ud	1	Line 33
τὴν Ὡρμισδαρταξιρ	Ohrmezd-Ardašīr	Ohrmezd-Ardašīr	1	Line 33
Χοστρω-ορμισδαρταξειρ	Husraw-Ohrmezd-Ardašīr	Husraw-Ohrmezd-Ardašīr	1	Line 33
Χοστρω-αδουραναιδ	Husraw-Ādur-Anāhīd	Husraw-ādur-Anāhīd	1	Line 33
ἡμῶν	amā	ī amā	2	Line 34
ὀνόματος συντήρησιν	pāšnām	pannām	2	Line 34
καὶ	ud	ud	2	Line 34
εἰς	pad	pad	2	Line 34
καλούμενον	nām	nām	2	Line 34
ἓν	ēw	1	2	Line 34
πυρεῖον	ādur	ādur	2	Line 34
Μησανηνῶν	Mēšān	Mēšān ī	1	Line 34
	ud	ud	1	Line 34
ἕως	yad ō	tā	1	Line 34
χείλους	zamb	damb	1	Line 34
τὴν μνείαν	arwān	ruwān	1	Line 34
υἱοῦ	pwhr	pusar	1	Line 34
θαλάσσης	zrēh	drayā	1	Line 34
Τουρηνῆς	Turγestān	Tūrestān	1	Line 34
Σεγιστηνῆς	Sagestān	Sagestān	1	Line 34
Ἰνδίας	Hind	Hind	1	Line 34
βασιλέως	šāh	šāh	1	Line 34
Ναρσαίου	Narseh	Narseh	1	Line 34
τὴν ἀρίαν	ēr	ēr	1	Line 34
μασδαασνου	mazdēzn	mazdēsn	1	Line 34
Χοστρω-ναρση	Husraw-Narseh	Husraw-Narseh	1	Line 34
μνείαν	arwān	ruwān	1	Line 34
υἱοῦ	puhr	pusar	1	Line 34
βασιλέως τοῦ	šāh	šāh	1	Line 34
τὴν Σαβουρ	Šābuhr	Šābuhr	1	Line 34
Χοστρω-σαβουρ	Husraw-Šābuhr	Husraw-Šābuhr	1	Line 34
ἕτερον	any	any	1	Line 34
ἐκεῖνο	hō	ān	2	Line 35
καὶ	ud	ud	2	Line 35
ἔνγραφον τοῦ ἀσφαλίσματος τειμῆς	pādixšīr	pādixšīr	1	Line 35
εἰς	abar	abar	1	Line 35
ὁμῶς	ōh-iž	ōh-iz	1	Line 35
κατεστήσαμεν	awestād	nihād	1	Line 35
ἔθος	aβδēn	ēwēn pad	1	Line 35
ἐγράψαμεν	nibišt	nibišt	1	Line 35
ἐκείνων	hō	ān	1	Line 35
ἀπ’	až	az	1	Line 35
ἐθίμων	aβδēn	ēwēn	1	Line 35
γείνηται	hēb kirihēd	ēw kīrēd	1	Line 35
ἵνα	kū	kū	1	Line 35
ἐκελεύσαμεν	ubdēsām	framāyom	1	Line 35
ἐδώκαμεν	dād	dād	1	Line 35
τούτοις	imīn	imēšan	1	Line 35
τοῖς πυρείοις	ādurān	ādurān	1	Line 35
ἡμεῖς	amā	amā	1	Line 35
ὄντων	būd	būd	1	Line 35
ἡμεῖν	amā	amā	1	Line 35
ἀπὸ	až	az	1	Line 35
ταρκάπησιν	tarkafišn	*tarkafišn	1	Line 35
χειλίων	1000	1000	1	Line 35
τῶν προβάτων	akbrīd	akbrīd	1	Line 35
καὶ	ud		1	Line 35
πάντα	harw	harw	1	Line 35
τούτοις	imīn	imešān	1	Line 35
τοῖς πυρίοις	ādurān	ādurān	1	Line 35
παρεσχόμεθα	dahām	dād	1	Line 35
βασιλέως	šāh	šāh	5	Line 36
καὶ		ud	4	Line 36
καὶ	ud	ud	3	Line 36
Σαπώρου	Šābuhr	Šābuhr	2	Line 36
βασιλίσσης	bāmbišn	bāmbišn	2	Line 36
εἰς	pad	pad	2	Line 36
καὶ		≺ud≻	1	Line 36
Mησανηνῶν	Mēšān	ī Mēšān	1	Line 36
Γεληνῶν	Gēlān	≺ī≻ Gēlān	1	Line 36
Γουαραθρανου	Warhrām	Warhrān	1	Line 36
Δηνακης	Dēnag	Dēnag	1	Line 36
τῶν βασιλισςῶν	bāmbišnān	bāmbišnān	1	Line 36
Ἀδουρ-αναιδ	Ādur-Anāhīd	Ādur-Anāhid	1	Line 36
τοῦ ἔθνους	šahr	ī šahr	1	Line 36
βασιλίσσης	bāmbišn	bāmbišn	1	Line 36
βασιλέων	šāhān	šāhān	1	Line 36
Χορνανζημ	Xwar≺r≻ā̆nzēm	Xwar≺r≻ānzēm	1	Line 36
Ἀρταξάρου	Ardašīr	Ardašīr	1	Line 36
Παπακαν	Pābagān	≺ī≻ Pābagān	1	Line 36
Παπάκου	Pābag	Pābag	1	Line 36
τοῦ κυρίου	xwadāy	ī xwadāy	1	Line 36
τὴν Σασάνου	Sāsān	Sāsān	1	Line 36
τέσσερας	4	4	1	Line 36
πασατας	pās	p≺ās≻	1	Line 36
οἴνου	maδ	may	1	Line 36
μόδιος εἷς ἥμισυς	ēw grīw ud 5 hōfan	g≺rīw≻ 1 h≺ōfan≻ 5	1	Line 36
ἄρτων	nān	nān	1	Line 36
ἓν	ēw	1	1	Line 36
πρόβατον	akbrīd	akbrīd	1	Line 36
ἡμερίσιον	rōž ō rōž	rōz ō rōz	1	Line 36
ἡμῶν	amā	amā	1	Line 36
τὴν μνείαν	arwān	ruwān	1	Line 36
καὶ		ud	9	Line 37
βασιλέως	šāh	šāh	3	Line 37
τοῦ ἐκ βασιλέων	wispuhr	ī wispuhr	2	Line 37
Ναρσαίου	Narseh	Narseh	2	Line 37
θυγατρὸς	duxt	duxt	1	Line 37
Χορνανζημ	Xwar≺r≻ā̆nzēm	ī Xwar≺r≻ānzēm	1	Line 37
Γοραζ-δουκτ	Warāzduxt	Warāzduxt	1	Line 37
	wisduxt	ī duxš	1	Line 37
Ἀνωσακ	Anōšag	ī Anōšag	1	Line 37
≺τ≻ῆς θυγατρὸς	duxt	duxt	1	Line 37
Ῥωδ-δουκτκ≺α≻κ	Rōdduxt	Rōdduxt	1	Line 37
κυρίας	bānūg	ī bānūg	1	Line 37
μητρὸς	mād	ī mād	1	Line 37
βασιλέων	šāhān	šāhān	1	Line 37
Σαπώρου	Šābuhr	Šābuhr	1	Line 37
Μυρρωδ	Murrōd	*Murrōd	1	Line 37
Πηρώζου	Pērōz	Pērōz	1	Line 37
κυρίας	bānūg	ī bānūg	1	Line 37
Τιεσμακ	Čašmag	Čašmag	1	Line 37
βασιλίσσης	bāmbišn	bāmbišn	1	Line 37
Σεγιστανῶν	Sagān	ī Sagān	1	Line 37
Σαβουρ-δουκτακ	Šābuhrduxtag	Šābuhrduxtag	1	Line 37
Σεγιστηνῶν	Sagān	ī Sagān	1	Line 37
Ἀρμενίας	Arminīn	Arminān	1	Line 37
μεγάλου	wuzurg	ī wuzurg	1	Line 37
Ὡρμισδ-αρταξάρου	Ohrmezd-Ardašīr	Ohrmezd-Ardašīr	1	Line 37
καὶ	ud	ud	4	Line 38
καὶ		ud	4	Line 38
τοῦ βασιλέως	šāh	šāh	2	Line 38
θυγατρὸς	duxt	duxtar	2	Line 38
βασιλέως	šāh	šāh	2	Line 38
τοῦ Μησανηνῶν	Mēšān	ī Mēšān	2	Line 38
Ὡρμισδακ	Hormezdag	Hormezdag	2	Line 38
καὶ		≺ud≻	2	Line 38
πασεους	pās	p≺ās≻	1	Line 38
τέσσαρας	4	4	1	Line 38
οἴνου	maδ	may	1	Line 38
μόδιον ἕνα ἥμισυ	ēw grīw ud 5 hōfan	g≺rīw≻ 1 h≺ōfan≻ 5	1	Line 38
ἄρτων	nān	nān	1	Line 38
ἕν	ēw	1	1	Line 38
πρόβατον	akbrīd	akbrīd	1	Line 38
μνείας	arwān	ruwān	1	Line 38
Σεγιστανῶν	Sagān	Sagān	1	Line 38
Ὡρμισδ-δουκτακ	Ohrmezdduxtag	Ohrmezd≺d≻uxtag	1	Line 38
Σαβουρ-δουκτακ	Šābuhrduxtag	Šābuhrduxtag	1	Line 38
υἱῶν	puhr	pusar	1	Line 38
Πηρωζ	Pērōz	Pērōz	1	Line 38
Σαβουρ	Šābuhr	Šābuhr	1	Line 38
Γουαραθραν	Warhrān	Warhrān	1	Line 38
Ὀδαβαχθ	Ōdābaxt	Ōdābaxt	1	Line 38
Ὡρμισδ	Hormezd	Hormezd	1	Line 38
Ἀρμενίων	Arminīn	ī Arminān	1	Line 38
υἱοῦ	puhr	pus	1	Line 38
βασιλίσσης	bāmbišn	bāmbišn	1	Line 38
Σταριαδ	Staxryād	Staxryād	1	Line 38
ἐν τόσῳ	āwadīn	andom	1	Line 39
περισσεύει	pardažēd		1	Line 39
ἐκεῖθεν	až ōδ	ān	1	Line 39
μαγεύσωσιν	yazīdan	yaštan	1	Line 39
εἰς μνείαν	arwān	ruwān	1	Line 39
ἐκελεύσαμεν	ubdišt	framād	1	Line 39
ἡμεῖς	amā	šāhān šāh	1	Line 39
ὧν	kē	kē	1	Line 39
εκείνων	hawīn	awēšān	1	Line 39
εἰς	pad	pad	1	Line 39
τὴν μνείαν	arwān	ruwān	1	Line 39
ἐξαρκέσῃ	pattāwēd	pattāyād	1	Line 39
ἕως	yad	tā	1	Line 39
τὰ πρόβατα	akbrīd	akbrīd	1	Line 39
κἀκεῖνα	ud hō	ud ān	1	Line 39
Σαπώρου	Šābuhr	Šābuhr	2	Line 40
καὶ	ud	ud	1	Line 40
ἐνγέγραπται	nibišt awištēnd	nibišt ēstēd	1	Line 40
τῶν	kē		1	Line 40
ἐνθάδε	ēd		1	Line 40
ὑπαρξάντων	būd ahēnd	būd	1	Line 40
δεσποτείας	xwadāyīf		1	Line 40
βασιλέως	šāh	šāh	1	Line 40
επὶ	abar	abar	1	Line 40
Παπάκου τῆς	Pābag	Pābag	1	Line 40
Ὡριγαν	Hōragān	ī *Hōragān	1	Line 40
Γοαρθανιπατ	Warhrānbād	*Warhrānbād	1	Line 40
Φαρρικαν	Farragān	ī Farragān	1	Line 40
Φαρρεκ	Farrag	Farrag	1	Line 40
τοῦ Ἀρνηγαν	Orsigān	ī *Orsigān	1	Line 40
Σασάνου	Sāsān	Sāsān	1	Line 40
Ἀσπωριγαν	Aspōragān	ī Aspōragān	1	Line 40
Ἀσπωρικ	Aspōrag	Aspōrag	1	Line 40
Πωρικ	Puhrag	Puhrag	1	Line 40
Μερδιγαν	Mardēn≺a≻gān	ī Mardēn≺a≻gān	1	Line 40
Ζιγ	Zīg	*Zīg	1	Line 40
τοῦ διπνοκλήτορος	niwēδbed	ī ayēnīg	1	Line 40
Μεερωζινηγαν	Mihraβōzān≺a≻gān	ī Mihrōzān≺a≻gān	1	Line 40
Γουεζηνιγαν	Wēzān≺a≻gān	ī Wēzān≺a≻gān	1	Line 40
βασιλέως	šāh	šāh	4	Line 41
τοῦ βασιλέως	šāh	šāh	3	Line 41
μητρός	mād	mād	2	Line 41
βασιλέων	šāhān	šāhān	2	Line 41
Ἀρταξιρ	Ardašīr	Ardašīr	2	Line 41
Ἀρταξάρου	Ardašīr	ī Ardašīr	1	Line 41
Ῥωδακης	Rōdag	Rōdag	1	Line 41
Παβάκου	Pābag	ī Pābag	1	Line 41
Δηνικ	Dēnag	Dēnag	1	Line 41
Σιγαν	Sagān	ī Sagān	1	Line 41
Κερμαν	Kermān	ī Kermān	1	Line 41
Μάρου	Marγ	ī Marw	1	Line 41
Ἀρταξάρου	Ardašīr	Ardašīr	1	Line 41
Ἀβρηναχ	Abrēnag	Abrēnag	1	Line 41
ὑπαρξάντων	būd ahēnd	bud	1	Line 41
Σαταροπτ	Sadāluf	*Sadāluf	1	Line 41
δεσποτείας	xwadāyīf		1	Line 41
τῶν	kē	kē	1	Line 41
επὶ	abar	abar	1	Line 41
Ἀρταξάρου	Ardašīr	Ardašīr	1	Line 41
Καρην	Kārin	ī Kārin	2	Line 42
Σασαν	Sāsān	Sāsān	2	Line 42
τοῦ δειπνοκλήτορος	niwēδbed	ī ayēnīg	1	Line 42
Παβακ	Pābag	Pābag	1	Line 42
διβιρουπτ	dibīruft	ī dibīruft	1	Line 42
Μαρδ	Mard	*Mard	1	Line 42
ἀπὸ Δουμβαουνδ	Dunbāwand-iž		1	Line 42
Γηλιμαν	Gēlmān		1	Line 42
σπαπίτου	spāδbed	ī spāhbed	1	Line 42
Ῥοξ	Raxš	Raxš	1	Line 42
Ἀρταξιρουφρ	Ardašīr-Farr	ī Ardašīr-Farr	1	Line 42
Ἀβουρσαμ	Abursām	Abursān	1	Line 42
Γωωκ	Gōg	Gōg	1	Line 42
Πηρωζ	Pērōz	Pērōz	1	Line 42
δεσπότου	xwadāy	xwadāy	1	Line 42
Ἰνδηγαν	Andēgān	ī Andēgān	1	Line 42
Σουρην	Sūrēn	ī Sūrēn	1	Line 42
Γοράζου	Wārāz	ī Wārāz	1	Line 42
Δηην	Dēhēn	Dēhēn	1	Line 42
ἁζαροπτ	hazāruft	ī hazāruft	1	Line 42
Παβάκου	Pābag	Pābag	1	Line 42
βιδιξ	bidaxš	bidaxš ī	1	Line 42
Ἀρταξιρ	Ardašīr	Ardašīr	1	Line 42
Παπακαν	Pābagān	ī Pābagān	1	Line 42
βασιλίσσης	bāmbišn	bāmbišn	1	Line 42
Δηνακης	Dēnag	Dēnag	1	Line 42
βασιλισςῶν	bāmbišnān	ī bāmbišnān	1	Line 42
τοῦ ἐπὶ τοῦ οἴνου	maδugdār	ī mayyār	1	Line 43
Διεην	J̆̆ahēn	Jahēn	1	Line 43
τοῦ ἐπὶ τῆς ἀννώνης	grastbed	ī grastbed	1	Line 43
Χουδικ	Hudug	*Hudug	1	Line 43
τοῦ ἐπὶ τοῦ κυνηγίου	naxčīrbed	ī naxčirbed	1	Line 43
Σαγβους	Sagbus	Sagbus	1	Line 43
Ζαβρικαν	Zabr≺a≻gān	ī Zabr≺a≻gān	1	Line 43
Ζηκ	Zīg	Zig	1	Line 43
Τουσσεριγαν	Tōsar≺a≻gān	ī Tōsar≺a≻gān	1	Line 43
Mεερ≺ι≻κ	Mihrag	Mihrag	1	Line 43
τοῦ ἐπὶ τῆς πάθνης	āxwarrbed	ī āxwarrbed	1	Line 43
Οὐαρδαν	Wardān	*Wardān	1	Line 43
τοῦ δικαστοῦ	dādβar	ī dādwar	1	Line 43
Τζερικ	Čihrag	Čihrag	1	Line 43
τοῦ ζηνιπιτ	zēnbed	ī zēnbed	1	Line 43
Δηραν	Dirān	Dirām	1	Line 43
μαιγανπεδ	māδagānbed	ī māyānbed	1	Line 43
Χουμαφρατ	Hōmfraδād	*Homfrād	1	Line 43
Μερχουάστου	Mihrxwāšt	Mihrxwāst	1	Line 43
Βερησιγαν τοῦ	Barēsagān	ī Barēsagān	1	Line 43
τοῦ Οὐιφεριγαν	Farragān	ī Farragān	1	Line 43
Οὐιφερου	Wifr	Wifr	1	Line 43
Παζηρου	Pāčihr	Pā≺k≻čihr	1	Line 43
Γουασπεριγαν	Wisfarr≺a≻gān	ī Wisfarr≺a≻gān	1	Line 43
Ἀρταξάρου	Ardašīr	Ardašīr	2	Line 44
τοῦ ἐγ βασιλέων υἱοῦ	wispuhr	ī wispuhr	1	Line 44
Παβάκου	Pābagān	ī Pābagān	1	Line 44
Οὐαλάσσου	Wala≺x≻š	Wala≺x≻š	1	Line 44
Ἰβηρίας	Wiržān	Wiruzān	1	Line 44
τοῦ βασιλέως	šāh	šāh	1	Line 44
Ἀμαζασπου	≺H≻amāzāsp	≺H≻amāzāsp	1	Line 44
Σαπωρ	Šābuhr	Šābuhr	1	Line 44
δαστικιρτ	dastgerd	dastgerd	1	Line 44
Μησων	Mēšān	ī Mēšān	1	Line 44
βασιλίσση≺ς≻	bāmbišn	bāmbišn	1	Line 44
Δηνακη≺ς≻	Dēnag	Dēnag	1	Line 44
Κιρμανζηνῆς	Kermān	ī Kermān	1	Line 44
βασιλέως	šāh	šah	1	Line 44
βασιλέως	šāh	šāh	1	Line 44
Ἀδιαβηνῆς	Nōdšīragān	Nodšīragān ī	1	Line 44
γεγονότων	būd	bud	1	Line 44
τῶν	kē	kē	1	Line 44
ὑπὸ	abar	abar	1	Line 44
τὴν δεσποτείαν ἡμῶν	amā xwadāyīf	Šābuhr šāhān šāh	1	Line 44
τοῦ ἐγ βασιλέων	wispuhr	ī wispuhr	3	Line 45
Ναρσαίου	Narseh	Narseh	2	Line 45
Σασάνου	Sāsān	Sāsān	2	Line 45
Σαβουργαν	Šābuhr≺a≻gān	ī Zādspraxm≺a≻gān	1	Line 45
τραφέντος	derd	dāšt	1	Line 45
≺εἰ≻ς	pad	pad	1	Line 45
Παρικαν	Farragān	Farragān	1	Line 45
ἀνατραφέντος	derd	dāšt	1	Line 45
εἰς	čē pad	pad	1	Line 45
πιτιάξου	bidaxš	ī bidaxš	1	Line 45
Σαπωρ	Šābuhr	Šābuhr	1	Line 45
Γουραζ	Wārāz	ī Wārāz	1	Line 45
Ἀρταξαρ	Ardašīr	Ardašīr	1	Line 45
ἀσπιπίδου	aspbed	ī aspbed	1	Line 45
Πηρώζου	Pērōz	Pērōz	1	Line 45
ἁζαρίπτου	hazāruft	ī hazāruft	1	Line 45
Παβάκου	Pābag	Pābag	1	Line 45
Πηρωζιγαν	Pērōzgan	ī Pērōzgan	1	Line 45
Κιδουκαν	Kadugān	Kadugān	1	Line 45
τοῦ ἐγ βασιλέω≺ν≻	wispuhr	ī wispuhr	1	Line 45
Ἀρταξαρ	Ardašīr	Ardašīr	4	Line 46
σατράπου	šahrab	šasab	2	Line 46
Νι-σαβωρ	Nēw-Šābuhr	ī Nēw-Šābuhr	1	Line 46
Tιασμικ	Čašmag	Čašmag	1	Line 46
Γωμαν	Gō≺y≻mān	ī *Gō≺y≻mān	1	Line 46
Ταμ-σαβουρ	Tahm-Šābuhr	ī Tahm-Šābuhr	1	Line 46
Παζηρ	Pāčihr	Pā≺k≻čihr	1	Line 46
Ἀρταξαρισνουμ	Ardašīr-Šnōm	ī Ardašīr-Šnōm	1	Line 46
Σαιμούστου	Šāmust	ī Šāhmust	1	Line 46
Στρηδω	Sridōy	*Sridōy	1	Line 46
Γουε-αντιοχ-σαβωρ	Weh-Andiyō̆k-Šābuhr	ī Weh-Andiyōk-Šābuhr	1	Line 46
Φρείκου	Frīg	Frīg	1	Line 46
ἐπιτρόπου	framādār	ī framādār	1	Line 46
Γοαννάμου	Wohnām	Wohnām	1	Line 46
Καρην	Kārin	ī Kārin	1	Line 46
κυρίου	xwadāy	xwadāy	1	Line 46
Ἀνδηγαν	Andēgan	ī Andēgān	1	Line 46
Ναρσαίου	Narseh	Narseh	1	Line 46
Σουρην	Sūrēn	ī Sūrēn	1	Line 46
Σαρακάρτων	Šahrkerd	ī Šahrkerd	1	Line 47
Οὐισπερηγαν	Wisfarr≺a≻gān	ī Wisfarr≺a≻gān	1	Line 47
Παπάκου	Pābag	Pābag	1	Line 47
πιτυάξου	bidaxš	ī bidaxš	1	Line 47
Κιρδιστρω	Kerdsraw	Kerdsraw	1	Line 47
σατράπου	šahrab	šasab	1	Line 47
Γη	Gaβ	ī Gay	1	Line 47
Γουαρζιν	Wā̆rzan	*Wārzan	1	Line 47
Πηρωσαβωρ	Pērōz-Šābuhr	ī Pērōz-Šābuhr	1	Line 47
Σονβεδηγαν	Šanbidgān	ī Šanbidgān	1	Line 47
καὶ	ud		1	Line 47
Παβις	Pābič	Pābīg	1	Line 47
Ῥισμαωδ	Razmayōd		1	Line 47
Ἀβγαν	Ēwagān	ī *Ēwagān	1	Line 47
Γυνδιφερ	Gundifarr	Gundifarr	1	Line 47
τοῦ ἀπὸ Τουμβαούντων	Dumbāwand-iž	ī Dumbāwan-iz	1	Line 47
Ἀρταβάνου	Ardaβān	Ardawān	1	Line 47
δειπνοκλήτορος	niwēδbed	ī ayēnīg	1	Line 47
Ζικ	Zīg	Zīg	1	Line 47
καστελλοφύλακος	dizbed	dizbed	1	Line 47
Τιρμερ	Tīrmihr	Tīrmihr	1	Line 47
Σαπωρ-σνουμ	Šābuhr-Šnōm	ī Šābuhr-Šnōm	1	Line 47
Γοανναμ	Wohnām	Wohnām	1	Line 47
Ναρσαίου	Narseh	Narseh	2	Line 48
σατράπου	šahrab	šasab	2	Line 48
Ναρσηγαν	Narsehgān	ī Narsehgān	1	Line 48
Σαβωρ	Šābuhr	Šābuhr	1	Line 48
Βαρριγαν	Barragān	Barragān	1	Line 48
τοῦ ἐπὶ τῶν δριγαιων	darīgān sārār	i darīgān sālār	1	Line 48
Ἀβουρσαμ-σαβωρ	Abursām Šābuhr	Abursām ī Šabuhr	1	Line 48
Γυιφεριγαν	Wifr≺a≻gān	ī *Wifr≺a≻gān	1	Line 48
Ἀρταξάρου	Ardašīr	Ardašīr	1	Line 48
Ῥαστιγαν	Rastagān	ī Rastagān	1	Line 48
Διωμερδου	J̆̆ōymard	J̆ōymard	1	Line 48
τοῦ επὶ τῆς ὑπηρεσίας	parištagbed	ī paristagbed	1	Line 48
Γουλβαδ	Wardbed	Wardbed	1	Line 48
Ἀμιδαν	Hamadān	ī Hamadān	1	Line 48
Τιανικ	Tiyānag	Tiyānag	1	Line 48
Ῥινδ	Rind	ī Rind	1	Line 48
σπαθοφόρου τοῦ	safsērdār	ī šafšēlār	1	Line 48
Παπάκου	Pābag	Pābag	1	Line 48
ἁνδαρζαβιδ	handarzbed	handarzbed	1	Line 48
Ἰησδιβαδ	Yaz≺a≻dbed	Yazadbed	1	Line 48
βασιλισσῶν	bāmbišnān	ī bānūgān	1	Line 48
Σλωκαν	Selūkān	ī Selūkān	1	Line 48
Οὐαλάσου	Wala≺x≻š	Wala≺x≻š	1	Line 48
ἐπιτρόπου	framādār	ī framādār	1	Line 49
Σαπώρου	Šābuhr	Šābuhr	1	Line 49
γανζοφύλακος	ganzβar	ī ganzwar	1	Line 49
Μεερχουαστ	Mihrxwāšt	Mihrxwāst	1	Line 49
Πιτιξιγαν	bidaxšgān	ī bidaxšgān	1	Line 49
Ἀρταξάρου	Ardašīr	Ardašīr	1	Line 49
σατράπου	šahrab	šasab	1	Line 49
Γυε-αρταξάρων	Weh-Ardašīr	ī Weh-Ardašīr	1	Line 49
Ῥαστακ	Rastag	Rastag	1	Line 49
μάγου	ēhrbed	ī ēhrbed	1	Line 49
Καρτειρ	Kerdīr	Kerdīr	1	Line 49
Δησβηδιγαν	dizbedgān	ī dizbedgān	1	Line 49
Ἀβ≺δ≻αγας	Abdaxš	*Ēwaxš	1	Line 49
Πασφερδιγαν	Pāsfardgān	ī *Pāsfalgān	1	Line 49
Πασφερδ	Pāsfard	*Pāsfal	1	Line 49
θυρουροῦ	barbed	ī darbed	1	Line 49
Παπακ	Pābag	Pābag	1	Line 49
τοῦ ἐπὶ τῆς φυλακῆς	zēndānīg	ī zēndānīg	1	Line 49
Ναδωκ	Nāδug	Nādug	1	Line 49
τοῦ ἀρχιγραμματέως	dibīrbed	ī dibīrbed	1	Line 49
Ὡρμίζ≺δ≻ου	Hormezd	Hormezd	1	Line 49
τοῦ ἐπὶ τῆς ἀννώνης	grastbed	ī grastbed	1	Line 49
Ναρσαίου	Narseh	Narseh	1	Line 49
Σασανγαν	Sāsāngān	ī Sāsāngān	2	Line 50
ἕν	ēw		1	Line 50
ὁμοῦ	ēw bidān		1	Line 50
πρόβατον	akbrīd		1	Line 50
οἴνου	maδ		1	Line 50
πασαιους τέσσαρες	4 pās		1	Line 50
μόδιον ἕνα ἥμισυ	ēw grīw ud 5 hōfan		1	Line 50
ἄρτου	nān		1	Line 50
γοραζιβιδ	wārāzbed	ī wārāzbed	1	Line 50
Οὐαρδικ	Wardag	Gulag	1	Line 50
Νασπαδιγαν	Nāšbed≺a≻gān	ī *Nāsbed≺a≻gān	1	Line 50
Οὐαρδάνου	Wardān	Wardān	1	Line 50
δικαστοῦ	dādβar	ī dādwar	1	Line 50
Σασάνου	Sāsān	Sāsān	1	Line 50
εὐνούχου	šābestān		1	Line 50
Μανζικ	Mānzag		1	Line 50
Γυινναρ	Winnār	Winnār	1	Line 50
Βανδιγαν	Bandagān	ī Bandagān	1	Line 50
Ζαρουανδατ	Zurwāndād	Zurwāndād	1	Line 50
Ἰρδουαν	Ardaβān	Ardawān	1	Line 50
Κιρδειρ	Kerdīr	Kerdīr	1	Line 50
Γουλιβηγαν	Wardbed≺a≻gān	ī Wardbed≺a≻gān	1	Line 50
Βαδου	Baγdād	Baydād	1	Line 50
σατράπου	šahrab	šasab	1	Line 50
Νηρηζ	Nīrīz	ī Nīrīz	1	Line 50
Ἀρταξάρου	Ardašīr	Ardašīr	1	Line 50
εὐνούχου	šabestān	ī šābestān	1	Line 50
Οὐορωδ	Wīrōδ	Wīrōy	1	Line 50
ἀγορανόμου	wāžārbed	ī wāzārbed	1	Line 50
Σασαν	Sāsān	Sāsān	1	Line 50
Μεεραν	Mihrān	ī Mihrān	1	Line 50
ἐπὶ ἐπιστολῶν	pad frawardag dibīr	ī dibīr	1	Line 50
Ἀστατ	Arštād	Arštād	1	Line 50
καὶ	ud		8	Line 51
τῶν θεῶν	yazdān		3	Line 51
θρησκείας	kerdagān		2	Line 51
τὰς χρείας	īr		2	Line 51
ἐπὶ	abar		2	Line 51
κἀκεῖνος	haw-iž		2	Line 51
σπουδάζομεν	tuxšām		1	Line 51
ὥσπερ	čawāγōn		1	Line 51
νῦν	Awās		1	Line 51
ἡμεῖς	amā		1	Line 51
ἔσται	ahād		1	Line 51
εὐτυχὴς	farrox		1	Line 51
τῶν θεῶν	yazdān	yazdān	1	Line 51
ἔσται	bawād	bawād	1	Line 51
μεθ’	paš až	pas	1	Line 51
ἡμᾶς	amā	amā	1	Line 51
σπουδασάτω	tuxšād		1	Line 51
ὅστις	kē		1	Line 51
ἐπεποιησάμεθα	kerd		1	Line 51
ἀνδρείαν	nēwīf		1	Line 51
ὄνομα	nām		1	Line 51
κατέσχαμεν	derd		1	Line 51
ἐζητήσαμεν	wxāšt		1	Line 51
πάντα	āwand		1	Line 51
ταῦτα	im		1	Line 51
τὰ ἔθνη	šahr		1	Line 51
βοήθιαν	aδyāwarīf		1	Line 51
εἰς	pad		1	Line 51
ἐσμὲν	ahēm		1	Line 51
κτίσμα	dastgerd		1	Line 51
ἵνα	kū	kū	1	Line 51
ἑαυτῶν ποιήσονται	karānd		1	Line 51
αὐτῷ		ōy-iz	1	Line 51
οἱ θεοὶ	yazad	yazad	1	Line 51
ἔσονται	bawānd	bawānd	1	Line 51
βοηθοὶ	aδyāwar	hayār	1	Line 51
δαστικιρτην	dastgerd		1	Line 51